Inn,Score,Out,RoB,Pit(cnt),R/O,@Bat,Batter,Pitcher,wWPA,wWE,Play Description
Top of the 1st Giants Batting Tied 0-0 Royals' Jeremy Guthrie facing 1-2-3,Top of the 1st Giants Batting Tied 0-0 Royals' Jeremy Guthrie facing 1-2-3,Top of the 1st Giants Batting Tied 0-0 Royals' Jeremy Guthrie facing 1-2-3,Top of the 1st Giants Batting Tied 0-0 Royals' Jeremy Guthrie facing 1-2-3,Top of the 1st Giants Batting Tied 0-0 Royals' Jeremy Guthrie facing 1-2-3,Top of the 1st Giants Batting Tied 0-0 Royals' Jeremy Guthrie facing 1-2-3,Top of the 1st Giants Batting Tied 0-0 Royals' Jeremy Guthrie facing 1-2-3,Top of the 1st Giants Batting Tied 0-0 Royals' Jeremy Guthrie facing 1-2-3,Top of the 1st Giants Batting Tied 0-0 Royals' Jeremy Guthrie facing 1-2-3,Top of the 1st Giants Batting Tied 0-0 Royals' Jeremy Guthrie facing 1-2-3,Top of the 1st Giants Batting Tied 0-0 Royals' Jeremy Guthrie facing 1-2-3,Top of the 1st Giants Batting Tied 0-0 Royals' Jeremy Guthrie facing 1-2-3
t1,0-0,0,---,5(1-2) CSBFX,O,SFG,Gregor Blanco,Jeremy Guthrie,-2%,48%,Flyball: CF
t1,0-0,1,---,3(1-1) BCX,O,SFG,Joe Panik,Jeremy Guthrie,-2%,46%,Groundout: 1B-P
t1,0-0,2,---,2(0-1) FX,O,SFG,Buster Posey,Jeremy Guthrie,-1%,45%,Groundout: 3B-1B
,,,,,,,,,0 runs 0 hits 0 errors 0 LOB. Giants 0 Royals 0.,0 runs 0 hits 0 errors 0 LOB. Giants 0 Royals 0.,0 runs 0 hits 0 errors 0 LOB. Giants 0 Royals 0.
Bottom of the 1st Royals Batting Tied 0-0 Giants' Tim Hudson facing 1-2-3,Bottom of the 1st Royals Batting Tied 0-0 Giants' Tim Hudson facing 1-2-3,Bottom of the 1st Royals Batting Tied 0-0 Giants' Tim Hudson facing 1-2-3,Bottom of the 1st Royals Batting Tied 0-0 Giants' Tim Hudson facing 1-2-3,Bottom of the 1st Royals Batting Tied 0-0 Giants' Tim Hudson facing 1-2-3,Bottom of the 1st Royals Batting Tied 0-0 Giants' Tim Hudson facing 1-2-3,Bottom of the 1st Royals Batting Tied 0-0 Giants' Tim Hudson facing 1-2-3,Bottom of the 1st Royals Batting Tied 0-0 Giants' Tim Hudson facing 1-2-3,Bottom of the 1st Royals Batting Tied 0-0 Giants' Tim Hudson facing 1-2-3,Bottom of the 1st Royals Batting Tied 0-0 Giants' Tim Hudson facing 1-2-3,Bottom of the 1st Royals Batting Tied 0-0 Giants' Tim Hudson facing 1-2-3,Bottom of the 1st Royals Batting Tied 0-0 Giants' Tim Hudson facing 1-2-3
b1,0-0,0,---,6(2-2) SBSFBX,O,KCR,Alcides Escobar,Tim Hudson,2%,47%,Lineout: LF
b1,0-0,1,---,6(3-2) CBFBBB,,KCR,Norichika Aoki,Tim Hudson,-2%,45%,Walk
b1,0-0,1,1--,3(2-0) B1BX,O,KCR,Lorenzo Cain,Tim Hudson,3%,48%,Groundout: 3B-2B/Forceout at 2B
b1,0-0,2,1--,4(1-2) SBF>C,O,KCR,Eric Hosmer,Tim Hudson,2%,50%,Strikeout Looking
,,,,,,,,,0 runs 0 hits 0 errors 1 LOB. Giants 0 Royals 0.,0 runs 0 hits 0 errors 1 LOB. Giants 0 Royals 0.,0 runs 0 hits 0 errors 1 LOB. Giants 0 Royals 0.
Top of the 2nd Giants Batting Tied 0-0 Royals' Jeremy Guthrie facing 4-5-6,Top of the 2nd Giants Batting Tied 0-0 Royals' Jeremy Guthrie facing 4-5-6,Top of the 2nd Giants Batting Tied 0-0 Royals' Jeremy Guthrie facing 4-5-6,Top of the 2nd Giants Batting Tied 0-0 Royals' Jeremy Guthrie facing 4-5-6,Top of the 2nd Giants Batting Tied 0-0 Royals' Jeremy Guthrie facing 4-5-6,Top of the 2nd Giants Batting Tied 0-0 Royals' Jeremy Guthrie facing 4-5-6,Top of the 2nd Giants Batting Tied 0-0 Royals' Jeremy Guthrie facing 4-5-6,Top of the 2nd Giants Batting Tied 0-0 Royals' Jeremy Guthrie facing 4-5-6,Top of the 2nd Giants Batting Tied 0-0 Royals' Jeremy Guthrie facing 4-5-6,Top of the 2nd Giants Batting Tied 0-0 Royals' Jeremy Guthrie facing 4-5-6,Top of the 2nd Giants Batting Tied 0-0 Royals' Jeremy Guthrie facing 4-5-6,Top of the 2nd Giants Batting Tied 0-0 Royals' Jeremy Guthrie facing 4-5-6
t2,0-0,0,---,2(0-1) CH,,SFG,Pablo Sandoval,Jeremy Guthrie,4%,54%,Hit By Pitch
t2,0-0,0,1--,3(0-2) FCX,,SFG,Hunter Pence,Jeremy Guthrie,6%,60%,Single to LF (Ground Ball); Sandoval to 2B
t2,0-0,0,12-,5(2-2) SBFBX,,SFG,Brandon Belt,Jeremy Guthrie,8%,67%,Single to RF (Ground Ball); Sandoval to 3B; Pence to 2B
t2,0-0,0,123,2(0-1) FX,RO,SFG,Mike Morse,Jeremy Guthrie,0%,67%,Lineout: RF/Sacrifice Fly; Sandoval Scores; Pence to 3B
t2,1-0,1,1-3,3(2-0) B*BX,RO,SFG,Brandon Crawford,Jeremy Guthrie,2%,69%,Flyball: CF/Sacrifice Fly; Pence Scores
t2,2-0,2,1--,3(0-2) CFS,O,SFG,Juan Perez,Jeremy Guthrie,-2%,67%,Strikeout Swinging
,,,,,,,,,2 runs 2 hits 0 errors 1 LOB. Giants 2 Royals 0.,2 runs 2 hits 0 errors 1 LOB. Giants 2 Royals 0.,2 runs 2 hits 0 errors 1 LOB. Giants 2 Royals 0.
Bottom of the 2nd Royals Batting Behind 0-2 Giants' Tim Hudson facing 5-6-7,Bottom of the 2nd Royals Batting Behind 0-2 Giants' Tim Hudson facing 5-6-7,Bottom of the 2nd Royals Batting Behind 0-2 Giants' Tim Hudson facing 5-6-7,Bottom of the 2nd Royals Batting Behind 0-2 Giants' Tim Hudson facing 5-6-7,Bottom of the 2nd Royals Batting Behind 0-2 Giants' Tim Hudson facing 5-6-7,Bottom of the 2nd Royals Batting Behind 0-2 Giants' Tim Hudson facing 5-6-7,Bottom of the 2nd Royals Batting Behind 0-2 Giants' Tim Hudson facing 5-6-7,Bottom of the 2nd Royals Batting Behind 0-2 Giants' Tim Hudson facing 5-6-7,Bottom of the 2nd Royals Batting Behind 0-2 Giants' Tim Hudson facing 5-6-7,Bottom of the 2nd Royals Batting Behind 0-2 Giants' Tim Hudson facing 5-6-7,Bottom of the 2nd Royals Batting Behind 0-2 Giants' Tim Hudson facing 5-6-7,Bottom of the 2nd Royals Batting Behind 0-2 Giants' Tim Hudson facing 5-6-7
b2,0-2,0,---,2(0-1) CX,,KCR,Billy Butler,Tim Hudson,-4%,63%,Single to CF (Ground Ball)
b2,0-2,0,1--,1(0-0) X,R,KCR,Alex Gordon,Tim Hudson,-13%,49%,Double to RF (Line Drive); Butler Scores
b2,1-2,0,-2-,1(0-0) H,,KCR,Salvador Perez,Tim Hudson,-4%,46%,Hit By Pitch
b2,1-2,0,12-,2(1-0) *BX,O,KCR,Mike Moustakas,Tim Hudson,3%,49%,Flyball: LF; Gordon to 3B
b2,1-2,1,1-3,2(0-1) CX,RO,KCR,Omar Infante,Tim Hudson,-1%,48%,Lineout: CF/Sacrifice Fly; Gordon Scores
b2,2-2,2,1--,1(0-0) X,,KCR,Alcides Escobar,Tim Hudson,-2%,46%,Single to LF (Ground Ball); Perez to 2B
,,,,,,,,,Jeremy Affeldt replaces Tim Hudson pitching,Jeremy Affeldt replaces Tim Hudson pitching,Jeremy Affeldt replaces Tim Hudson pitching
b2,2-2,2,12-,2(1-0) .BX,O,KCR,Norichika Aoki,Jeremy Affeldt,4%,50%,Groundout: SS unassisted/Forceout at 2B
,,,,,,,,,2 runs 3 hits 0 errors 2 LOB. Giants 2 Royals 2.,2 runs 3 hits 0 errors 2 LOB. Giants 2 Royals 2.,2 runs 3 hits 0 errors 2 LOB. Giants 2 Royals 2.
Top of the 3rd Giants Batting Tied 2-2 Royals' Jeremy Guthrie facing 1-2-3,Top of the 3rd Giants Batting Tied 2-2 Royals' Jeremy Guthrie facing 1-2-3,Top of the 3rd Giants Batting Tied 2-2 Royals' Jeremy Guthrie facing 1-2-3,Top of the 3rd Giants Batting Tied 2-2 Royals' Jeremy Guthrie facing 1-2-3,Top of the 3rd Giants Batting Tied 2-2 Royals' Jeremy Guthrie facing 1-2-3,Top of the 3rd Giants Batting Tied 2-2 Royals' Jeremy Guthrie facing 1-2-3,Top of the 3rd Giants Batting Tied 2-2 Royals' Jeremy Guthrie facing 1-2-3,Top of the 3rd Giants Batting Tied 2-2 Royals' Jeremy Guthrie facing 1-2-3,Top of the 3rd Giants Batting Tied 2-2 Royals' Jeremy Guthrie facing 1-2-3,Top of the 3rd Giants Batting Tied 2-2 Royals' Jeremy Guthrie facing 1-2-3,Top of the 3rd Giants Batting Tied 2-2 Royals' Jeremy Guthrie facing 1-2-3,Top of the 3rd Giants Batting Tied 2-2 Royals' Jeremy Guthrie facing 1-2-3
t3,2-2,0,---,3(1-1) CBX,O,SFG,Gregor Blanco,Jeremy Guthrie,-3%,48%,Groundout: P-1B
t3,2-2,1,---,5(2-2) CFBBC,O,SFG,Joe Panik,Jeremy Guthrie,-2%,46%,Strikeout Looking
t3,2-2,2,---,3(0-2) CFS,O,SFG,Buster Posey,Jeremy Guthrie,-1%,45%,Strikeout Swinging
,,,,,,,,,0 runs 0 hits 0 errors 0 LOB. Giants 2 Royals 2.,0 runs 0 hits 0 errors 0 LOB. Giants 2 Royals 2.,0 runs 0 hits 0 errors 0 LOB. Giants 2 Royals 2.
Bottom of the 3rd Royals Batting Tied 2-2 Giants' Jeremy Affeldt facing 3-4-5,Bottom of the 3rd Royals Batting Tied 2-2 Giants' Jeremy Affeldt facing 3-4-5,Bottom of the 3rd Royals Batting Tied 2-2 Giants' Jeremy Affeldt facing 3-4-5,Bottom of the 3rd Royals Batting Tied 2-2 Giants' Jeremy Affeldt facing 3-4-5,Bottom of the 3rd Royals Batting Tied 2-2 Giants' Jeremy Affeldt facing 3-4-5,Bottom of the 3rd Royals Batting Tied 2-2 Giants' Jeremy Affeldt facing 3-4-5,Bottom of the 3rd Royals Batting Tied 2-2 Giants' Jeremy Affeldt facing 3-4-5,Bottom of the 3rd Royals Batting Tied 2-2 Giants' Jeremy Affeldt facing 3-4-5,Bottom of the 3rd Royals Batting Tied 2-2 Giants' Jeremy Affeldt facing 3-4-5,Bottom of the 3rd Royals Batting Tied 2-2 Giants' Jeremy Affeldt facing 3-4-5,Bottom of the 3rd Royals Batting Tied 2-2 Giants' Jeremy Affeldt facing 3-4-5,Bottom of the 3rd Royals Batting Tied 2-2 Giants' Jeremy Affeldt facing 3-4-5
b3,2-2,0,---,8(2-2) CBSFFFBX,,KCR,Lorenzo Cain,Jeremy Affeldt,-4%,41%,Single to RF (Line Drive)
b3,2-2,0,1--,2(0-1) F11X,OO,KCR,Eric Hosmer,Jeremy Affeldt,8%,49%,Ground Ball Double Play: 2B-SS-1B
b3,2-2,2,---,9(3-2) CBBFFBFFX,O,KCR,Billy Butler,Jeremy Affeldt,1%,50%,Groundout: SS-1B
,,,,,,,,,0 runs 1 hit 0 errors 0 LOB. Giants 2 Royals 2.,0 runs 1 hit 0 errors 0 LOB. Giants 2 Royals 2.,0 runs 1 hit 0 errors 0 LOB. Giants 2 Royals 2.
Top of the 4th Giants Batting Tied 2-2 Royals' Jeremy Guthrie facing 4-5-6,Top of the 4th Giants Batting Tied 2-2 Royals' Jeremy Guthrie facing 4-5-6,Top of the 4th Giants Batting Tied 2-2 Royals' Jeremy Guthrie facing 4-5-6,Top of the 4th Giants Batting Tied 2-2 Royals' Jeremy Guthrie facing 4-5-6,Top of the 4th Giants Batting Tied 2-2 Royals' Jeremy Guthrie facing 4-5-6,Top of the 4th Giants Batting Tied 2-2 Royals' Jeremy Guthrie facing 4-5-6,Top of the 4th Giants Batting Tied 2-2 Royals' Jeremy Guthrie facing 4-5-6,Top of the 4th Giants Batting Tied 2-2 Royals' Jeremy Guthrie facing 4-5-6,Top of the 4th Giants Batting Tied 2-2 Royals' Jeremy Guthrie facing 4-5-6,Top of the 4th Giants Batting Tied 2-2 Royals' Jeremy Guthrie facing 4-5-6,Top of the 4th Giants Batting Tied 2-2 Royals' Jeremy Guthrie facing 4-5-6,Top of the 4th Giants Batting Tied 2-2 Royals' Jeremy Guthrie facing 4-5-6
t4,2-2,0,---,4(2-1) CBBX,,SFG,Pablo Sandoval,Jeremy Guthrie,4%,54%,Single to 2B (Ground Ball)
t4,2-2,0,1--,3(1-1) CBX,,SFG,Hunter Pence,Jeremy Guthrie,7%,61%,Single to CF (Line Drive); Sandoval to 2B
t4,2-2,0,12-,3(1-1) CBX,O,SFG,Brandon Belt,Jeremy Guthrie,-3%,58%,Flyball: LF; Sandoval to 3B
,,,,,,,,,Kelvin Herrera replaces Jeremy Guthrie pitching,Kelvin Herrera replaces Jeremy Guthrie pitching,Kelvin Herrera replaces Jeremy Guthrie pitching
t4,2-2,1,1-3,3(0-2) .FFX,R,SFG,Mike Morse,Kelvin Herrera,11%,70%,Single to RF (Line Drive); Sandoval Scores; Pence to 3B
t4,3-2,1,1-3,5(1-2) FSFBC,O,SFG,Brandon Crawford,Kelvin Herrera,-7%,63%,Strikeout Looking
t4,3-2,2,1-3,2(0-1) SX,O,SFG,Juan Perez,Kelvin Herrera,-5%,58%,Groundout: SS-1B
,,,,,,,,,1 run 3 hits 0 errors 2 LOB. Giants 3 Royals 2.,1 run 3 hits 0 errors 2 LOB. Giants 3 Royals 2.,1 run 3 hits 0 errors 2 LOB. Giants 3 Royals 2.
Bottom of the 4th Royals Batting Behind 2-3 Giants' Jeremy Affeldt facing 6-7-8,Bottom of the 4th Royals Batting Behind 2-3 Giants' Jeremy Affeldt facing 6-7-8,Bottom of the 4th Royals Batting Behind 2-3 Giants' Jeremy Affeldt facing 6-7-8,Bottom of the 4th Royals Batting Behind 2-3 Giants' Jeremy Affeldt facing 6-7-8,Bottom of the 4th Royals Batting Behind 2-3 Giants' Jeremy Affeldt facing 6-7-8,Bottom of the 4th Royals Batting Behind 2-3 Giants' Jeremy Affeldt facing 6-7-8,Bottom of the 4th Royals Batting Behind 2-3 Giants' Jeremy Affeldt facing 6-7-8,Bottom of the 4th Royals Batting Behind 2-3 Giants' Jeremy Affeldt facing 6-7-8,Bottom of the 4th Royals Batting Behind 2-3 Giants' Jeremy Affeldt facing 6-7-8,Bottom of the 4th Royals Batting Behind 2-3 Giants' Jeremy Affeldt facing 6-7-8,Bottom of the 4th Royals Batting Behind 2-3 Giants' Jeremy Affeldt facing 6-7-8,Bottom of the 4th Royals Batting Behind 2-3 Giants' Jeremy Affeldt facing 6-7-8
b4,2-3,0,---,5(2-2) CBFBH,,KCR,Alex Gordon,Jeremy Affeldt,-5%,53%,Hit By Pitch
b4,2-3,0,1--,1(0-0) X,OO,KCR,Salvador Perez,Jeremy Affeldt,10%,63%,Ground Ball Double Play: 2B-SS-1B
b4,2-3,2,---,5(2-2) FBCBX,O,KCR,Mike Moustakas,Jeremy Affeldt,1%,64%,Groundout: 3B-1B
,,,,,,,,,0 runs 0 hits 0 errors 0 LOB. Giants 3 Royals 2.,0 runs 0 hits 0 errors 0 LOB. Giants 3 Royals 2.,0 runs 0 hits 0 errors 0 LOB. Giants 3 Royals 2.
Top of the 5th Giants Batting Ahead 3-2 Royals' Kelvin Herrera facing 1-2-3,Top of the 5th Giants Batting Ahead 3-2 Royals' Kelvin Herrera facing 1-2-3,Top of the 5th Giants Batting Ahead 3-2 Royals' Kelvin Herrera facing 1-2-3,Top of the 5th Giants Batting Ahead 3-2 Royals' Kelvin Herrera facing 1-2-3,Top of the 5th Giants Batting Ahead 3-2 Royals' Kelvin Herrera facing 1-2-3,Top of the 5th Giants Batting Ahead 3-2 Royals' Kelvin Herrera facing 1-2-3,Top of the 5th Giants Batting Ahead 3-2 Royals' Kelvin Herrera facing 1-2-3,Top of the 5th Giants Batting Ahead 3-2 Royals' Kelvin Herrera facing 1-2-3,Top of the 5th Giants Batting Ahead 3-2 Royals' Kelvin Herrera facing 1-2-3,Top of the 5th Giants Batting Ahead 3-2 Royals' Kelvin Herrera facing 1-2-3,Top of the 5th Giants Batting Ahead 3-2 Royals' Kelvin Herrera facing 1-2-3,Top of the 5th Giants Batting Ahead 3-2 Royals' Kelvin Herrera facing 1-2-3
t5,3-2,0,---,2(1-0) BX,O,SFG,Gregor Blanco,Kelvin Herrera,-2%,62%,Lineout: LF
t5,3-2,1,---,5(0-2) LSFFS,O,SFG,Joe Panik,Kelvin Herrera,-2%,60%,Strikeout Swinging
t5,3-2,2,---,4(1-2) SSBC,O,SFG,Buster Posey,Kelvin Herrera,-1%,59%,Strikeout Looking
,,,,,,,,,0 runs 0 hits 0 errors 0 LOB. Giants 3 Royals 2.,0 runs 0 hits 0 errors 0 LOB. Giants 3 Royals 2.,0 runs 0 hits 0 errors 0 LOB. Giants 3 Royals 2.
Bottom of the 5th Royals Batting Behind 2-3 Giants' Madison Bumgarner facing 9-1-2,Bottom of the 5th Royals Batting Behind 2-3 Giants' Madison Bumgarner facing 9-1-2,Bottom of the 5th Royals Batting Behind 2-3 Giants' Madison Bumgarner facing 9-1-2,Bottom of the 5th Royals Batting Behind 2-3 Giants' Madison Bumgarner facing 9-1-2,Bottom of the 5th Royals Batting Behind 2-3 Giants' Madison Bumgarner facing 9-1-2,Bottom of the 5th Royals Batting Behind 2-3 Giants' Madison Bumgarner facing 9-1-2,Bottom of the 5th Royals Batting Behind 2-3 Giants' Madison Bumgarner facing 9-1-2,Bottom of the 5th Royals Batting Behind 2-3 Giants' Madison Bumgarner facing 9-1-2,Bottom of the 5th Royals Batting Behind 2-3 Giants' Madison Bumgarner facing 9-1-2,Bottom of the 5th Royals Batting Behind 2-3 Giants' Madison Bumgarner facing 9-1-2,Bottom of the 5th Royals Batting Behind 2-3 Giants' Madison Bumgarner facing 9-1-2,Bottom of the 5th Royals Batting Behind 2-3 Giants' Madison Bumgarner facing 9-1-2
,,,,,,,,,Madison Bumgarner replaces Jeremy Affeldt pitching,Madison Bumgarner replaces Jeremy Affeldt pitching,Madison Bumgarner replaces Jeremy Affeldt pitching
b5,2-3,0,---,3(1-1) .BCX,,KCR,Omar Infante,Madison Bumgarner,-6%,54%,Single to RF (Line Drive)
b5,2-3,0,1--,3(2-0) *B1BX,O,KCR,Alcides Escobar,Madison Bumgarner,3%,56%,Bunt Groundout: P-2B/Sacrifice; Infante to 2B
b5,2-3,1,-2-,4(2-1) BBCX,O,KCR,Norichika Aoki,Madison Bumgarner,5%,62%,Lineout: LF
b5,2-3,2,-2-,5(1-2) CSBFS,O,KCR,Lorenzo Cain,Madison Bumgarner,5%,67%,Strikeout Swinging
,,,,,,,,,0 runs 1 hit 0 errors 1 LOB. Giants 3 Royals 2.,0 runs 1 hit 0 errors 1 LOB. Giants 3 Royals 2.,0 runs 1 hit 0 errors 1 LOB. Giants 3 Royals 2.
Top of the 6th Giants Batting Ahead 3-2 Royals' Kelvin Herrera facing 4-5-6,Top of the 6th Giants Batting Ahead 3-2 Royals' Kelvin Herrera facing 4-5-6,Top of the 6th Giants Batting Ahead 3-2 Royals' Kelvin Herrera facing 4-5-6,Top of the 6th Giants Batting Ahead 3-2 Royals' Kelvin Herrera facing 4-5-6,Top of the 6th Giants Batting Ahead 3-2 Royals' Kelvin Herrera facing 4-5-6,Top of the 6th Giants Batting Ahead 3-2 Royals' Kelvin Herrera facing 4-5-6,Top of the 6th Giants Batting Ahead 3-2 Royals' Kelvin Herrera facing 4-5-6,Top of the 6th Giants Batting Ahead 3-2 Royals' Kelvin Herrera facing 4-5-6,Top of the 6th Giants Batting Ahead 3-2 Royals' Kelvin Herrera facing 4-5-6,Top of the 6th Giants Batting Ahead 3-2 Royals' Kelvin Herrera facing 4-5-6,Top of the 6th Giants Batting Ahead 3-2 Royals' Kelvin Herrera facing 4-5-6,Top of the 6th Giants Batting Ahead 3-2 Royals' Kelvin Herrera facing 4-5-6
t6,3-2,0,---,4(1-2) CSBX,,SFG,Pablo Sandoval,Kelvin Herrera,4%,70%,Single to LF (Ground Ball)
t6,3-2,0,1--,1(0-0) X,OO,SFG,Hunter Pence,Kelvin Herrera,-8%,63%,Ground Ball Double Play: SS-2B-1B
t6,3-2,2,---,4(1-2) CFBX,,SFG,Brandon Belt,Kelvin Herrera,1%,64%,Single to RF (Line Drive)
t6,3-2,2,1--,3(0-2) SFC,O,SFG,Mike Morse,Kelvin Herrera,-3%,61%,Strikeout Looking
,,,,,,,,,0 runs 2 hits 0 errors 1 LOB. Giants 3 Royals 2.,0 runs 2 hits 0 errors 1 LOB. Giants 3 Royals 2.,0 runs 2 hits 0 errors 1 LOB. Giants 3 Royals 2.
Bottom of the 6th Royals Batting Behind 2-3 Giants' Madison Bumgarner facing 4-5-6,Bottom of the 6th Royals Batting Behind 2-3 Giants' Madison Bumgarner facing 4-5-6,Bottom of the 6th Royals Batting Behind 2-3 Giants' Madison Bumgarner facing 4-5-6,Bottom of the 6th Royals Batting Behind 2-3 Giants' Madison Bumgarner facing 4-5-6,Bottom of the 6th Royals Batting Behind 2-3 Giants' Madison Bumgarner facing 4-5-6,Bottom of the 6th Royals Batting Behind 2-3 Giants' Madison Bumgarner facing 4-5-6,Bottom of the 6th Royals Batting Behind 2-3 Giants' Madison Bumgarner facing 4-5-6,Bottom of the 6th Royals Batting Behind 2-3 Giants' Madison Bumgarner facing 4-5-6,Bottom of the 6th Royals Batting Behind 2-3 Giants' Madison Bumgarner facing 4-5-6,Bottom of the 6th Royals Batting Behind 2-3 Giants' Madison Bumgarner facing 4-5-6,Bottom of the 6th Royals Batting Behind 2-3 Giants' Madison Bumgarner facing 4-5-6,Bottom of the 6th Royals Batting Behind 2-3 Giants' Madison Bumgarner facing 4-5-6
b6,2-3,0,---,3(0-2) SSX,O,KCR,Eric Hosmer,Madison Bumgarner,4%,65%,Popfly: SS
b6,2-3,1,---,6(2-2) BCCBFX,O,KCR,Billy Butler,Madison Bumgarner,3%,68%,Flyball: CF
b6,2-3,2,---,3(0-2) SFX,O,KCR,Alex Gordon,Madison Bumgarner,2%,70%,Lineout: CF
,,,,,,,,,0 runs 0 hits 0 errors 0 LOB. Giants 3 Royals 2.,0 runs 0 hits 0 errors 0 LOB. Giants 3 Royals 2.,0 runs 0 hits 0 errors 0 LOB. Giants 3 Royals 2.
Top of the 7th Giants Batting Ahead 3-2 Royals' Wade Davis facing 8-9-1,Top of the 7th Giants Batting Ahead 3-2 Royals' Wade Davis facing 8-9-1,Top of the 7th Giants Batting Ahead 3-2 Royals' Wade Davis facing 8-9-1,Top of the 7th Giants Batting Ahead 3-2 Royals' Wade Davis facing 8-9-1,Top of the 7th Giants Batting Ahead 3-2 Royals' Wade Davis facing 8-9-1,Top of the 7th Giants Batting Ahead 3-2 Royals' Wade Davis facing 8-9-1,Top of the 7th Giants Batting Ahead 3-2 Royals' Wade Davis facing 8-9-1,Top of the 7th Giants Batting Ahead 3-2 Royals' Wade Davis facing 8-9-1,Top of the 7th Giants Batting Ahead 3-2 Royals' Wade Davis facing 8-9-1,Top of the 7th Giants Batting Ahead 3-2 Royals' Wade Davis facing 8-9-1,Top of the 7th Giants Batting Ahead 3-2 Royals' Wade Davis facing 8-9-1,Top of the 7th Giants Batting Ahead 3-2 Royals' Wade Davis facing 8-9-1
,,,,,,,,,Wade Davis replaces Kelvin Herrera pitching,Wade Davis replaces Kelvin Herrera pitching,Wade Davis replaces Kelvin Herrera pitching
t7,3-2,0,---,5(2-2) .CBFBS,O,SFG,Brandon Crawford,Wade Davis,-2%,68%,Strikeout Swinging
t7,3-2,1,---,4(1-2) BSFS,O,SFG,Juan Perez,Wade Davis,-2%,66%,Strikeout Swinging
t7,3-2,2,---,6(3-2) CBCBBX,O,SFG,Gregor Blanco,Wade Davis,-1%,65%,Groundout: SS-1B
,,,,,,,,,0 runs 0 hits 0 errors 0 LOB. Giants 3 Royals 2.,0 runs 0 hits 0 errors 0 LOB. Giants 3 Royals 2.,0 runs 0 hits 0 errors 0 LOB. Giants 3 Royals 2.
Bottom of the 7th Royals Batting Behind 2-3 Giants' Madison Bumgarner facing 7-8-9,Bottom of the 7th Royals Batting Behind 2-3 Giants' Madison Bumgarner facing 7-8-9,Bottom of the 7th Royals Batting Behind 2-3 Giants' Madison Bumgarner facing 7-8-9,Bottom of the 7th Royals Batting Behind 2-3 Giants' Madison Bumgarner facing 7-8-9,Bottom of the 7th Royals Batting Behind 2-3 Giants' Madison Bumgarner facing 7-8-9,Bottom of the 7th Royals Batting Behind 2-3 Giants' Madison Bumgarner facing 7-8-9,Bottom of the 7th Royals Batting Behind 2-3 Giants' Madison Bumgarner facing 7-8-9,Bottom of the 7th Royals Batting Behind 2-3 Giants' Madison Bumgarner facing 7-8-9,Bottom of the 7th Royals Batting Behind 2-3 Giants' Madison Bumgarner facing 7-8-9,Bottom of the 7th Royals Batting Behind 2-3 Giants' Madison Bumgarner facing 7-8-9,Bottom of the 7th Royals Batting Behind 2-3 Giants' Madison Bumgarner facing 7-8-9,Bottom of the 7th Royals Batting Behind 2-3 Giants' Madison Bumgarner facing 7-8-9
b7,2-3,0,---,3(0-2) CSX,O,KCR,Salvador Perez,Madison Bumgarner,5%,69%,Flyball: RF
b7,2-3,1,---,3(0-2) FCX,O,KCR,Mike Moustakas,Madison Bumgarner,3%,73%,Groundout: 3B-1B
b7,2-3,2,---,3(0-2) CFS,O,KCR,Omar Infante,Madison Bumgarner,2%,75%,Strikeout Swinging
,,,,,,,,,0 runs 0 hits 0 errors 0 LOB. Giants 3 Royals 2.,0 runs 0 hits 0 errors 0 LOB. Giants 3 Royals 2.,0 runs 0 hits 0 errors 0 LOB. Giants 3 Royals 2.
Top of the 8th Giants Batting Ahead 3-2 Royals' Wade Davis facing 2-3-4,Top of the 8th Giants Batting Ahead 3-2 Royals' Wade Davis facing 2-3-4,Top of the 8th Giants Batting Ahead 3-2 Royals' Wade Davis facing 2-3-4,Top of the 8th Giants Batting Ahead 3-2 Royals' Wade Davis facing 2-3-4,Top of the 8th Giants Batting Ahead 3-2 Royals' Wade Davis facing 2-3-4,Top of the 8th Giants Batting Ahead 3-2 Royals' Wade Davis facing 2-3-4,Top of the 8th Giants Batting Ahead 3-2 Royals' Wade Davis facing 2-3-4,Top of the 8th Giants Batting Ahead 3-2 Royals' Wade Davis facing 2-3-4,Top of the 8th Giants Batting Ahead 3-2 Royals' Wade Davis facing 2-3-4,Top of the 8th Giants Batting Ahead 3-2 Royals' Wade Davis facing 2-3-4,Top of the 8th Giants Batting Ahead 3-2 Royals' Wade Davis facing 2-3-4,Top of the 8th Giants Batting Ahead 3-2 Royals' Wade Davis facing 2-3-4
t8,3-2,0,---,4(1-2) FBFC,O,SFG,Joe Panik,Wade Davis,-2%,73%,Strikeout Looking
t8,3-2,1,---,2(0-1) CX,O,SFG,Buster Posey,Wade Davis,-2%,71%,Groundout: 2B-1B
t8,3-2,2,---,2(0-1) CX,,SFG,Pablo Sandoval,Wade Davis,2%,74%,Double to LF (Ground Ball)
t8,3-2,2,-2-,2(0-1) SX,O,SFG,Hunter Pence,Wade Davis,-4%,70%,Groundout: 2B-1B
,,,,,,,,,0 runs 1 hit 0 errors 1 LOB. Giants 3 Royals 2.,0 runs 1 hit 0 errors 1 LOB. Giants 3 Royals 2.,0 runs 1 hit 0 errors 1 LOB. Giants 3 Royals 2.
Bottom of the 8th Royals Batting Behind 2-3 Giants' Madison Bumgarner facing 1-2-3,Bottom of the 8th Royals Batting Behind 2-3 Giants' Madison Bumgarner facing 1-2-3,Bottom of the 8th Royals Batting Behind 2-3 Giants' Madison Bumgarner facing 1-2-3,Bottom of the 8th Royals Batting Behind 2-3 Giants' Madison Bumgarner facing 1-2-3,Bottom of the 8th Royals Batting Behind 2-3 Giants' Madison Bumgarner facing 1-2-3,Bottom of the 8th Royals Batting Behind 2-3 Giants' Madison Bumgarner facing 1-2-3,Bottom of the 8th Royals Batting Behind 2-3 Giants' Madison Bumgarner facing 1-2-3,Bottom of the 8th Royals Batting Behind 2-3 Giants' Madison Bumgarner facing 1-2-3,Bottom of the 8th Royals Batting Behind 2-3 Giants' Madison Bumgarner facing 1-2-3,Bottom of the 8th Royals Batting Behind 2-3 Giants' Madison Bumgarner facing 1-2-3,Bottom of the 8th Royals Batting Behind 2-3 Giants' Madison Bumgarner facing 1-2-3,Bottom of the 8th Royals Batting Behind 2-3 Giants' Madison Bumgarner facing 1-2-3
b8,2-3,0,---,5(2-2) BFFBS,O,KCR,Alcides Escobar,Madison Bumgarner,6%,77%,Strikeout Swinging
b8,2-3,1,---,4(1-2) BCFX,O,KCR,Norichika Aoki,Madison Bumgarner,4%,81%,Groundout: SS-1B
b8,2-3,2,---,7(2-2) BSCFFBX,O,KCR,Lorenzo Cain,Madison Bumgarner,3%,84%,Popfly: 2B
,,,,,,,,,0 runs 0 hits 0 errors 0 LOB. Giants 3 Royals 2.,0 runs 0 hits 0 errors 0 LOB. Giants 3 Royals 2.,0 runs 0 hits 0 errors 0 LOB. Giants 3 Royals 2.
Top of the 9th Giants Batting Ahead 3-2 Royals' Greg Holland facing 6-7-8,Top of the 9th Giants Batting Ahead 3-2 Royals' Greg Holland facing 6-7-8,Top of the 9th Giants Batting Ahead 3-2 Royals' Greg Holland facing 6-7-8,Top of the 9th Giants Batting Ahead 3-2 Royals' Greg Holland facing 6-7-8,Top of the 9th Giants Batting Ahead 3-2 Royals' Greg Holland facing 6-7-8,Top of the 9th Giants Batting Ahead 3-2 Royals' Greg Holland facing 6-7-8,Top of the 9th Giants Batting Ahead 3-2 Royals' Greg Holland facing 6-7-8,Top of the 9th Giants Batting Ahead 3-2 Royals' Greg Holland facing 6-7-8,Top of the 9th Giants Batting Ahead 3-2 Royals' Greg Holland facing 6-7-8,Top of the 9th Giants Batting Ahead 3-2 Royals' Greg Holland facing 6-7-8,Top of the 9th Giants Batting Ahead 3-2 Royals' Greg Holland facing 6-7-8,Top of the 9th Giants Batting Ahead 3-2 Royals' Greg Holland facing 6-7-8
,,,,,,,,,Greg Holland replaces Wade Davis pitching,Greg Holland replaces Wade Davis pitching,Greg Holland replaces Wade Davis pitching
t9,3-2,0,---,3(1-1) .SBX,O,SFG,Brandon Belt,Greg Holland,-2%,83%,Groundout: 2B-1B
t9,3-2,1,---,4(1-2) SSBS,O,SFG,Mike Morse,Greg Holland,-1%,81%,Strikeout Swinging
t9,3-2,2,---,6(3-2) BBSFBS,O,SFG,Brandon Crawford,Greg Holland,-1%,81%,Strikeout Swinging
,,,,,,,,,0 runs 0 hits 0 errors 0 LOB. Giants 3 Royals 2.,0 runs 0 hits 0 errors 0 LOB. Giants 3 Royals 2.,0 runs 0 hits 0 errors 0 LOB. Giants 3 Royals 2.
Bottom of the 9th Royals Batting Behind 2-3 Giants' Madison Bumgarner facing 4-5-6,Bottom of the 9th Royals Batting Behind 2-3 Giants' Madison Bumgarner facing 4-5-6,Bottom of the 9th Royals Batting Behind 2-3 Giants' Madison Bumgarner facing 4-5-6,Bottom of the 9th Royals Batting Behind 2-3 Giants' Madison Bumgarner facing 4-5-6,Bottom of the 9th Royals Batting Behind 2-3 Giants' Madison Bumgarner facing 4-5-6,Bottom of the 9th Royals Batting Behind 2-3 Giants' Madison Bumgarner facing 4-5-6,Bottom of the 9th Royals Batting Behind 2-3 Giants' Madison Bumgarner facing 4-5-6,Bottom of the 9th Royals Batting Behind 2-3 Giants' Madison Bumgarner facing 4-5-6,Bottom of the 9th Royals Batting Behind 2-3 Giants' Madison Bumgarner facing 4-5-6,Bottom of the 9th Royals Batting Behind 2-3 Giants' Madison Bumgarner facing 4-5-6,Bottom of the 9th Royals Batting Behind 2-3 Giants' Madison Bumgarner facing 4-5-6,Bottom of the 9th Royals Batting Behind 2-3 Giants' Madison Bumgarner facing 4-5-6
b9,2-3,0,---,5(2-2) BBCFS,O,KCR,Eric Hosmer,Madison Bumgarner,9%,89%,Strikeout Swinging
b9,2-3,1,---,3(1-1) BCX,O,KCR,Billy Butler,Madison Bumgarner,6%,96%,Foul Popfly: 1B (1B Foul)
b9,2-3,2,---,2(0-1) FX,,KCR,Alex Gordon,Madison Bumgarner,-11%,84%,Single to LF (Line Drive); Gordon to 3B/Adv on E8
b9,2-3,2,--3,6(2-2) SBSBFX,O,KCR,Salvador Perez,Madison Bumgarner,16%,100%,Foul Popfly: 3B (3B Foul)
,,,,,,,,,0 runs 1 hit 1 error 1 LOB. Giants 3 Royals 2.,0 runs 1 hit 1 error 1 LOB. Giants 3 Royals 2.,0 runs 1 hit 1 error 1 LOB. Giants 3 Royals 2.